filename;m_timestamp;total_coverage;current_coverage;total_coverage_own_finds
id:000000,orig:ducks.gif;2019-10-24 19:32:15.801949501;352;352;0
id:000000,orig:ducks.png;2019-11-06 11:45:16.246875525;355;22;0
id:000001,src:000000,op:flip1,pos:0,+cov;2019-10-29 12:49:28.719066858;355;22;0
id:000002,src:000000,op:flip1,pos:3,+cov;2019-10-29 12:49:29.071063519;380;374;25
id:000002,src:000000,op:flip1,pos:3,+cov.png;2019-11-06 11:45:16.270875216;380;22;25
id:000003,src:000000,op:flip1,pos:10,+cov;2019-10-29 12:49:31.223043203;421;69;66
id:000004,src:000000,op:flip1,pos:10,+cov;2019-10-29 12:49:31.379041672;422;46;67
id:000005,src:000000,op:flip1,pos:10,+cov;2019-10-29 12:49:31.379041672;436;75;81
id:000006,src:000000,op:flip1,pos:10,+cov;2019-10-29 12:49:31.387041569;437;72;82
id:000007,src:000000,op:flip1,pos:11,+cov;2019-10-29 12:49:31.743038416;444;358;89
id:000007,src:000000,op:flip1,pos:11,+cov.png;2019-11-06 11:45:16.310874939;444;22;89
id:000008,src:000000,op:flip1,pos:11;2019-10-29 12:49:32.231034279;444;356;89
id:000008,src:000000,op:flip1,pos:11.png;2019-11-06 11:45:16.334874630;444;22;89
id:000009,src:000000,op:flip1,pos:11,+cov;2019-10-29 12:49:32.623031378;446;373;91
id:000009,src:000000,op:flip1,pos:11,+cov.png;2019-11-06 11:45:16.358874559;446;22;91
id:000010,src:000000,op:flip1,pos:12,+cov;2019-10-29 12:49:33.015028477;449;378;94
id:000010,src:000000,op:flip1,pos:12,+cov.png;2019-11-06 11:45:16.386874199;449;22;94
id:000011,src:000000,op:flip1,pos:13;2019-10-29 12:49:33.639023781;449;370;94
id:000011,src:000000,op:flip1,pos:13.png;2019-11-06 11:45:16.410873890;449;22;94
id:000012,src:000000,op:flip1,pos:62,+cov;2019-10-29 12:49:48.606910944;457;75;102
id:000013,src:000000,op:flip1,pos:62,+cov;2019-10-29 12:49:48.610910892;460;76;105
id:000014,src:000000,op:flip1,pos:63,+cov;2019-10-29 12:49:48.614910841;461;80;106
id:000015,src:000000,op:flip1,pos:63;2019-10-29 12:49:48.618910789;461;80;106
id:000016,src:000000,op:flip1,pos:63;2019-10-29 12:49:48.622910738;461;80;106
id:000017,src:000000,op:flip1,pos:63;2019-10-29 12:49:48.626910686;461;80;106
id:000018,src:000000,op:flip1,pos:64,+cov;2019-10-29 12:49:49.102907181;482;389;127
id:000018,src:000000,op:flip1,pos:64,+cov.png;2019-11-06 11:45:16.454873562;482;22;127
id:000019,src:000000,op:flip1,pos:64,+cov;2019-10-29 12:49:49.562903643;486;379;131
id:000019,src:000000,op:flip1,pos:64,+cov.png;2019-11-06 11:45:16.478873253;486;22;131
id:000020,src:000000,op:flip1,pos:65,+cov;2019-10-29 12:49:49.914901018;487;390;132
id:000020,src:000000,op:flip1,pos:65,+cov.png;2019-11-06 11:45:16.502872944;487;22;132
id:000021,src:000000,op:flip1,pos:68;2019-10-29 12:49:50.822894096;487;80;132
id:000022,src:000000,op:flip1,pos:68;2019-10-29 12:49:50.826894045;487;80;132
id:000023,src:000000,op:flip1,pos:68;2019-10-29 12:49:50.830893993;487;80;132
id:000024,src:000000,op:flip1,pos:70,+cov;2019-10-29 12:49:51.186891317;489;377;134
id:000024,src:000000,op:flip1,pos:70,+cov.png;2019-11-06 11:45:16.538872719;489;22;134
id:000025,src:000000,op:flip1,pos:74;2019-10-29 12:49:52.738879681;489;369;134
id:000025,src:000000,op:flip1,pos:74.png;2019-11-06 11:45:16.562872410;489;22;134
id:000026,src:000000,op:flip1,pos:74,+cov;2019-10-29 12:49:53.054877281;501;213;146
id:000027,src:000000,op:flip1,pos:74,+cov;2019-10-29 12:49:53.510873794;503;201;148
id:000028,src:000000,op:flip1,pos:74,+cov;2019-10-29 12:49:53.834871292;504;195;149
id:000029,src:000000,op:flip1,pos:75;2019-10-29 12:49:54.154868841;504;213;149
id:000030,src:000000,op:flip1,pos:75;2019-10-29 12:49:54.462866545;504;213;149
id:000031,src:000000,op:flip1,pos:75;2019-10-29 12:49:54.786864042;504;213;149
id:000032,src:000000,op:flip1,pos:75;2019-10-29 12:49:55.178861141;504;213;149
id:000033,src:000000,op:flip1,pos:75,+cov;2019-10-29 12:49:55.490858793;506;371;151
id:000033,src:000000,op:flip1,pos:75,+cov.png;2019-11-06 11:45:16.742870569;506;22;151
id:000034,src:000000,op:flip1,pos:75,+cov;2019-10-29 12:49:55.806856394;507;213;152
id:000035,src:000000,op:flip1,pos:76;2019-10-29 12:49:56.178853512;507;373;152
id:000035,src:000000,op:flip1,pos:76.png;2019-11-06 11:45:16.790870190;507;22;152
id:000036,src:000000,op:flip1,pos:77;2019-10-29 12:49:56.974847555;507;370;152
id:000036,src:000000,op:flip1,pos:77.png;2019-11-06 11:45:16.814869881;507;22;152
id:000037,src:000000,op:flip1,pos:78,+cov;2019-10-29 12:49:56.982847452;551;155;196
id:000038,src:000000,op:flip1,pos:78,+cov;2019-10-29 12:49:57.342844725;562;386;207
id:000038,src:000000,op:flip1,pos:78,+cov.png;2019-11-06 11:45:16.842869759;562;22;207
id:000039,src:000000,op:flip1,pos:79,+cov;2019-10-29 12:49:57.586842775;568;143;213
id:000040,src:000000,op:flip1,pos:79,+cov;2019-10-29 12:49:57.590842724;607;223;252
id:000041,src:000000,op:flip1,pos:79,+cov;2019-10-29 12:49:57.598842621;611;135;256
id:000042,src:000000,op:flip1,pos:80,+cov;2019-10-29 12:49:57.602842569;620;239;265
id:000043,src:000000,op:flip1,pos:80;2019-10-29 12:49:57.606842756;620;218;265
id:000044,src:000000,op:flip1,pos:80,+cov;2019-10-29 12:49:57.610842705;626;208;271
id:000045,src:000000,op:flip1,pos:80;2019-10-29 12:49:57.618842602;626;218;271
id:000046,src:000000,op:flip1,pos:80;2019-10-29 12:49:57.626842499;626;217;271
id:000047,src:000000,op:flip1,pos:80;2019-10-29 12:49:57.630842447;626;217;271
id:000048,src:000000,op:flip1,pos:80,+cov;2019-10-29 12:49:57.642842293;637;257;282
id:000049,src:000000,op:flip1,pos:81,+cov;2019-10-29 12:49:57.762841463;638;248;283
id:000050,src:000000,op:flip1,pos:82,+cov;2019-10-29 12:49:58.170838356;640;382;285
id:000050,src:000000,op:flip1,pos:82,+cov.png;2019-11-06 11:45:16.902869225;640;22;285
id:000051,src:000000,op:flip1,pos:82;2019-10-29 12:49:58.510835885;640;373;285
id:000051,src:000000,op:flip1,pos:82.png;2019-11-06 11:45:16.930868864;640;22;285
id:000052,src:000000,op:flip1,pos:82;2019-10-29 12:49:58.638834715;640;147;285
id:000053,src:000000,op:flip1,pos:83;2019-10-29 12:49:59.198830605;640;380;285
id:000053,src:000000,op:flip1,pos:83.png;2019-11-06 11:45:16.958868504;640;22;285
id:000054,src:000000,op:flip1,pos:84;2019-10-29 12:49:59.742826462;640;379;285
id:000054,src:000000,op:flip1,pos:84.png;2019-11-06 11:45:16.982868433;640;22;285
id:000055,src:000000,op:flip1,pos:84;2019-10-29 12:50:00.246822596;640;379;285
id:000055,src:000000,op:flip1,pos:84.png;2019-11-06 11:45:17.006868124;640;22;285
id:000056,src:000000,op:flip1,pos:85;2019-10-29 12:50:00.602819920;640;379;285
id:000056,src:000000,op:flip1,pos:85.png;2019-11-06 11:45:17.034867764;640;22;285
id:000057,src:000000,op:flip1,pos:85;2019-10-29 12:50:01.114815950;640;379;285
id:000057,src:000000,op:flip1,pos:85.png;2019-11-06 11:45:17.058867693;640;22;285
id:000058,src:000000,op:flip1,pos:86;2019-10-29 12:50:01.662811756;640;382;285
id:000058,src:000000,op:flip1,pos:86.png;2019-11-06 11:45:17.082867384;640;22;285
id:000059,src:000000,op:flip1,pos:90,+cov;2019-10-29 12:50:02.746803522;641;251;286
id:000060,src:000000,op:flip1,pos:90;2019-10-29 12:50:02.750803471;641;254;286
id:000061,src:000000,op:flip1,pos:90,+cov;2019-10-29 12:50:02.758803606;642;210;287
id:000062,src:000000,op:flip1,pos:91;2019-10-29 12:50:02.986801863;642;201;287
id:000063,src:000000,op:flip1,pos:99,+cov;2019-10-29 12:50:05.326783895;648;254;293
id:000064,src:000000,op:flip1,pos:99;2019-10-29 12:50:05.330783844;648;212;293
id:000065,src:000000,op:flip1,pos:100;2019-10-29 12:50:05.730780840;648;255;293
id:000066,src:000000,op:flip1,pos:109,+cov;2019-10-29 12:50:08.302761316;649;249;294
id:000067,src:000000,op:flip1,pos:109;2019-10-29 12:50:08.310761213;649;212;294
id:000068,src:000000,op:flip1,pos:118,+cov;2019-10-29 12:50:10.790742159;651;254;296
id:000069,src:000000,op:flip1,pos:119;2019-10-29 12:50:11.198739052;651;254;296
id:000070,src:000000,op:flip1,pos:127;2019-10-29 12:50:13.382722378;651;212;296
id:000071,src:000000,op:flip1,pos:128;2019-10-29 12:50:13.814719200;651;263;296
id:000072,src:000000,op:flip1,pos:128,+cov;2019-10-29 12:50:13.818719149;652;263;297
id:000073,src:000000,op:flip1,pos:137;2019-10-29 12:50:16.326699972;652;252;297
id:000074,src:000000,op:flip1,pos:147;2019-10-29 12:50:19.258677483;652;244;297
id:000075,src:000000,op:flip1,pos:156;2019-10-29 12:50:21.890657425;652;244;297
id:000076,src:000000,op:flip1,pos:156;2019-10-29 12:50:21.890657425;652;247;297
id:000077,src:000000,op:flip1,pos:165;2019-10-29 12:50:24.374638319;652;249;297
id:000078,src:000000,op:flip1,pos:184;2019-10-29 12:50:29.866596222;652;236;297
id:000079,src:000000,op:flip1,pos:184;2019-10-29 12:50:29.870596170;652;239;297
id:000080,src:000000,op:flip1,pos:193;2019-10-29 12:50:32.374576807;652;236;297
id:000081,src:000000,op:flip1,pos:194;2019-10-29 12:50:32.782573700;652;236;297
id:000082,src:000000,op:flip1,pos:195,+cov;2019-10-29 12:50:33.078571320;653;214;298
id:000083,src:000000,op:flip1,pos:197;2019-10-29 12:50:34.082563639;653;376;298
id:000083,src:000000,op:flip1,pos:197.png;2019-11-06 11:45:17.210865974;653;22;298
id:000084,src:000000,op:flip1,pos:203;2019-10-29 12:50:35.974549055;653;245;298
id:000085,src:000000,op:flip1,pos:212;2019-10-29 12:50:38.478529692;653;236;298
id:000086,src:000000,op:flip1,pos:212;2019-10-29 12:50:38.810527086;653;214;298
id:000087,src:000000,op:flip1,pos:231;2019-10-29 12:50:44.310484648;653;243;298
id:000088,src:000000,op:flip1,pos:259;2019-10-29 12:50:52.382422209;653;240;298
id:000089,src:000000,op:flip1,pos:259;2019-10-29 12:50:52.386422157;653;245;298
id:000090,src:000000,op:flip1,pos:269;2019-10-29 12:50:55.294399500;653;242;298
id:000091,src:000000,op:flip1,pos:287;2019-10-29 12:51:00.742357254;653;414;298
id:000091,src:000000,op:flip1,pos:287.png;2019-11-06 11:45:17.278865337;653;22;298
id:000092,src:000000,op:flip1,pos:287;2019-10-29 12:51:01.094354630;653;414;298
id:000092,src:000000,op:flip1,pos:287.png;2019-11-06 11:45:17.306865215;653;22;298
id:000093,src:000000,op:flip1,pos:296;2019-10-29 12:51:04.066331387;653;407;298
id:000093,src:000000,op:flip1,pos:296.png;2019-11-06 11:45:17.330864906;653;22;298
id:000094,src:000000,op:flip1,pos:297;2019-10-29 12:51:04.850325346;653;407;298
id:000094,src:000000,op:flip1,pos:297.png;2019-11-06 11:45:17.354864597;653;22;298
id:000095,src:000000,op:flip1,pos:305;2019-10-29 12:51:07.498304605;653;376;298
id:000095,src:000000,op:flip1,pos:305.png;2019-11-06 11:45:17.382864475;653;22;298
id:000096,src:000000,op:flip1,pos:306;2019-10-29 12:51:08.202299118;653;390;298
id:000096,src:000000,op:flip1,pos:306.png;2019-11-06 11:45:17.406864166;653;22;298
id:000097,src:000000,op:flip1,pos:315;2019-10-29 12:51:10.738279343;653;270;298
id:000098,src:000000,op:flip1,pos:315;2019-10-29 12:51:10.746279240;653;271;298
id:000099,src:000000,op:flip1,pos:324;2019-10-29 12:51:13.330259085;653;262;298
id:000100,src:000000,op:flip1,pos:325;2019-10-29 12:51:13.730256081;653;259;298
id:000101,src:000000,op:flip1,pos:334;2019-10-29 12:51:16.302235842;653;258;298
id:000102,src:000000,op:flip1,pos:334;2019-10-29 12:51:16.310235739;653;262;298
id:000103,src:000000,op:flip1,pos:335;2019-10-29 12:51:16.358235359;653;218;298
id:000104,src:000000,op:flip1,pos:335;2019-10-29 12:51:16.366235256;653;234;298
id:000105,src:000000,op:flip1,pos:335;2019-10-29 12:51:16.374235392;653;222;298
id:000106,src:000000,op:flip1,pos:335;2019-10-29 12:51:16.382235289;653;250;298
id:000107,src:000000,op:flip1,pos:335;2019-10-29 12:51:16.386235237;653;250;298
id:000108,src:000000,op:flip1,pos:344;2019-10-29 12:51:18.842216015;653;212;298
id:000109,src:000000,op:flip1,pos:363;2019-10-29 12:51:24.350172758;653;262;298
id:000110,src:000000,op:flip1,pos:372;2019-10-29 12:51:26.878153086;653;267;298
id:000111,src:000000,op:flip1,pos:373;2019-10-29 12:51:27.274149895;653;264;298
id:000112,src:000000,op:flip1,pos:382,+cov;2019-10-29 12:51:29.894129276;654;262;299
id:000113,src:000000,op:flip1,pos:410;2019-10-29 12:51:37.918066263;654;262;299
id:000114,src:000000,op:flip1,pos:419;2019-10-29 12:51:40.418046474;654;262;299
id:000115,src:000000,op:flip1,pos:466;2019-10-29 12:51:53.945939541;654;254;299
id:000116,src:000000,op:flip1,pos:485;2019-10-29 12:51:59.477895737;654;264;299
id:000117,src:000000,op:flip1,pos:532;2019-10-29 12:52:13.017787933;654;259;299
id:000118,src:000000,op:flip1,pos:541;2019-10-29 12:52:15.505768299;654;245;299
id:000119,src:000000,op:flip1,pos:569,+cov;2019-10-29 12:52:23.597703695;655;257;300
id:000120,src:000000,op:flip1,pos:588;2019-10-29 12:52:29.109659433;655;250;300
id:000121,src:000000,op:flip1,pos:590;2019-10-29 12:52:29.469656706;655;222;300
id:000122,src:000000,op:flip1,pos:590;2019-10-29 12:52:29.477656603;655;224;300
id:000123,src:000000,op:flip1,pos:590;2019-10-29 12:52:29.489656448;655;262;300
id:000124,src:000000,op:flip1,pos:598;2019-10-29 12:52:31.689638853;655;216;300
id:000125,src:000000,op:flip1,pos:617;2019-10-29 12:52:37.149595022;655;240;300
id:000126,src:000000,op:flip1,pos:645;2019-10-29 12:52:45.185530424;655;261;300
id:000127,src:000000,op:flip1,pos:683;2019-10-29 12:52:56.245441437;655;261;300
id:000128,src:000000,op:flip1,pos:711;2019-10-29 12:53:04.277376652;655;231;300
id:000129,src:000000,op:flip1,pos:711;2019-10-29 12:53:04.285376549;655;228;300
id:000130,src:000000,op:flip1,pos:720;2019-10-29 12:53:07.129353523;655;404;300
id:000130,src:000000,op:flip1,pos:720.png;2019-11-06 11:45:17.546862841;655;22;300
id:000131,src:000000,op:flip1,pos:730;2019-10-29 12:53:10.645324945;655;404;300
id:000131,src:000000,op:flip1,pos:730.png;2019-11-06 11:45:17.574862480;655;22;300
id:000132,src:000000,op:flip1,pos:767;2019-10-29 12:53:21.237239122;655;261;300
id:000133,src:000000,op:flip1,pos:776;2019-10-29 12:53:23.825217962;655;216;300
id:000134,src:000000,op:flip1,pos:777;2019-10-29 12:53:24.073215961;655;205;300
id:000135,src:000000,op:flip1,pos:814;2019-10-29 12:53:34.853128195;655;261;300
id:000136,src:000000,op:flip1,pos:823;2019-10-29 12:53:37.409107447;655;216;300
id:000137,src:000000,op:flip1,pos:824;2019-10-29 12:53:37.649105549;655;205;300
id:000138,src:000000,op:flip1,pos:845;2019-10-29 12:53:43.605057001;655;261;300
id:000139,src:000000,op:flip1,pos:845;2019-10-29 12:53:43.613056898;655;219;300
id:000140,src:000000,op:flip1,pos:853;2019-10-29 12:53:45.725039482;655;205;300
id:000141,src:000000,op:flip1,pos:871;2019-10-29 12:53:50.976996660;655;257;300
id:000142,src:000000,op:flip1,pos:890;2019-10-29 12:53:56.552950859;655;260;300
id:000143,src:000000,op:flip1,pos:900;2019-10-29 12:53:59.516926765;655;254;300
id:000144,src:000000,op:flip1,pos:965;2019-10-29 12:54:18.180773258;655;256;300
id:000145,src:000000,op:flip1,pos:984;2019-10-29 12:54:23.768727303;655;253;300
id:000146,src:000000,op:flip1,pos:1012;2019-10-29 12:54:31.804660797;655;245;300
id:000147,src:000000,op:flip1,pos:1100;2019-10-29 12:54:56.972452402;655;260;300
id:000148,src:000000,op:flip1,pos:1100;2019-10-29 12:54:56.984452248;655;245;300
id:000149,src:000000,op:flip1,pos:1135;2019-10-29 12:55:07.100368261;655;239;300
id:000150,src:000000,op:flip1,pos:1144;2019-10-29 12:55:09.952344418;656;400;301
id:000150,src:000000,op:flip1,pos:1144.png;2019-11-06 11:45:17.662861586;656;22;301
id:000151,src:000000,op:flip1,pos:1144;2019-10-29 12:55:10.312341452;656;400;301
id:000151,src:000000,op:flip1,pos:1144.png;2019-11-06 11:45:17.686861515;656;22;301
id:000152,src:000000,op:flip1,pos:1163;2019-10-29 12:55:16.472290039;656;389;301
id:000152,src:000000,op:flip1,pos:1163.png;2019-11-06 11:45:17.714861155;656;22;301
id:000153,src:000000,op:flip1,pos:1172;2019-10-29 12:55:19.100268126;656;271;301
id:000154,src:000000,op:flip1,pos:1182;2019-10-29 12:55:22.100243092;656;261;301
id:000155,src:000000,op:flip1,pos:1355;2019-10-29 12:56:11.667827129;656;231;301
id:000156,src:000000,op:flip1,pos:1370;2019-10-29 12:56:15.847791910;656;217;301
id:000157,src:000000,op:flip1,pos:1371;2019-10-29 12:56:16.091789961;656;206;301
id:000158,src:000000,op:flip1,pos:1379;2019-10-29 12:56:18.427770138;656;217;301
id:000159,src:000000,op:flip1,pos:1464;2019-10-29 12:56:43.091561556;656;217;301
id:000160,src:000000,op:flip1,pos:1473;2019-10-29 12:56:45.627540112;656;217;301
id:000161,src:000000,op:flip1,pos:1652,+cov;2019-10-29 12:57:37.479098558;657;261;302
id:000162,src:000000,op:flip1,pos:1802,+cov;2019-10-29 12:58:20.790727139;658;217;303
id:000163,src:000000,op:flip1,pos:1812;2019-10-29 12:58:23.810701132;658;241;303
id:000164,src:000000,op:flip1,pos:2375;2019-10-29 13:01:05.713294029;658;229;303
id:000165,src:000000,op:flip1,pos:2397;2019-10-29 13:01:11.849240303;658;206;303
id:000166,src:000000,op:flip1,pos:2453;2019-10-29 13:01:28.693092346;658;393;303
id:000166,src:000000,op:flip1,pos:2453.png;2019-11-06 11:45:17.786860466;658;22;303
id:000167,src:000000,op:flip1,pos:2490;2019-10-29 13:01:39.516997099;658;257;303
id:000168,src:000000,op:flip1,pos:2630;2019-10-29 13:02:19.764642477;658;223;303
id:000169,src:000000,op:flip1,pos:2650;2019-10-29 13:02:25.300593615;658;252;303
id:000170,src:000000,op:flip1,pos:2744;2019-10-29 13:02:52.844350100;658;405;303
id:000170,src:000000,op:flip1,pos:2744.png;2019-11-06 11:45:17.822860003;658;22;303
id:000171,src:000000,op:flip1,pos:3140;2019-10-29 13:04:47.351332426;658;262;303
id:000172,src:000000,op:flip1,pos:3395;2019-10-29 13:06:01.254671574;658;225;303
id:000173,src:000000,op:flip1,pos:4061;2019-10-29 13:09:13.144944191;658;253;303
id:000174,src:000000,op:flip1,pos:5068;2019-10-29 13:14:06.078285217;658;260;303
id:000175,src:000000,op:flip1,pos:6965;2019-10-29 13:19:48.451157331;658;236;303
id:000176,src:000000,op:flip1,pos:9260;2019-10-29 13:26:22.931539297;658;260;303
id:000177,src:000000,op:flip1,pos:9515;2019-10-29 13:27:06.683137417;658;214;303
id:000178,src:000000,op:flip1,pos:9515;2019-10-29 13:27:06.695137501;658;214;303
id:000179,src:000000,op:flip1,pos:10280;2019-10-29 13:29:17.737933397;658;255;303
id:000180,src:000000,op:flip1,pos:11167;2019-10-29 13:31:49.444539070;659;424;304
id:000180,src:000000,op:flip1,pos:11167.png;2019-11-06 11:45:17.886859417;659;22;304
id:000181,src:000000,op:flip1,pos:12024;2019-10-29 13:34:15.679194450;659;261;304
id:000182,src:000000,op:flip1,pos:13085;2019-10-29 13:37:16.625530005;659;219;304
id:000183,src:000000,op:flip1,pos:13595,+cov;2019-10-29 13:38:43.448731422;660;211;305
id:000184,src:000000,op:flip1,pos:13662;2019-10-29 13:38:54.952625513;660;258;305
id:000185,src:000000,op:flip1,pos:16156;2019-10-29 13:45:50.928797722;660;239;305
id:000186,src:000000,op:flip1,pos:18695;2019-10-29 13:52:52.060921669;660;233;305
id:000187,src:000000,op:flip1,pos:19582;2019-10-29 13:55:18.367574930;660;239;305
id:000188,src:000000,op:flip1,pos:20231;2019-10-29 13:57:04.582597256;660;216;305
id:000189,src:000000,op:flip1,pos:20410;2019-10-29 13:57:34.662320375;660;250;305
id:000190,src:000000,op:flip1,pos:21304;2019-10-29 14:00:01.992618084;660;241;305
id:000191,src:000000,op:flip1,pos:22594;2019-10-29 14:03:34.978240490;660;234;305
id:000192,src:000000,op:flip1,pos:31190;2019-10-29 14:27:14.364015341;660;212;305
id:000193,src:000000,op:flip1,pos:31700;2019-10-29 14:28:38.399202824;660;245;305
id:000194,src:000000,op:flip1,pos:54010;2019-10-29 15:53:42.771526575;660;261;305
id:000195,src:000000,op:flip1,pos:63575;2019-10-29 16:21:21.439917803;660;252;305
id:000196,src:000000,op:flip1,pos:64448;2019-10-29 16:23:52.642492056;660;262;305
id:000197,src:000000,op:flip1,pos:64467;2019-10-29 16:23:56.002460241;660;261;305
id:000198,src:000000,op:flip1,pos:65145;2019-10-29 16:25:53.149356127;660;260;305
id:000199,src:000000,op:flip1,pos:65145;2019-10-29 16:25:53.233355284;660;260;305
id:000200,src:000000,op:flip1,pos:65164,+cov;2019-10-29 16:25:56.641323090;661;262;306
id:000201,src:000000,op:flip1,pos:65164;2019-10-29 16:25:56.729322433;661;263;306
id:000202,src:000000,op:flip1,pos:82595,+cov;2019-10-29 17:16:41.308637619;662;259;307
id:000203,src:000000,op:flip1,pos:99020;2019-10-29 18:04:32.549478769;662;225;307
id:000204,src:000000,op:flip1,pos:100040;2019-10-29 18:07:30.595807791;662;216;307
id:000205,src:000000,op:flip1,pos:146473,+cov;2019-10-29 20:56:01.952227116;663;254;308
id:000206,src:000000,op:flip1,pos:148490,+cov;2019-10-29 21:02:04.928790092;677;277;322
id:000207,src:000000,op:flip1,pos:148490,+cov;2019-10-29 21:02:05.112788439;679;215;324
id:000208,src:000000,op:flip1,pos:148731;2019-10-29 21:02:48.492377520;679;437;324
id:000208,src:000000,op:flip1,pos:148731.png;2019-11-06 11:45:18.198856354;679;22;324
id:000209,src:000000,op:flip1,pos:149155;2019-10-29 21:04:05.135651827;679;436;324
id:000209,src:000000,op:flip1,pos:149155.png;2019-11-06 11:45:18.226855993;679;22;324
id:000210,src:000000,op:flip1,pos:149156;2019-10-29 21:04:05.627647161;679;436;324
id:000210,src:000000,op:flip1,pos:149156.png;2019-11-06 11:45:18.250855922;679;22;324
id:000211,src:000000,op:flip1,pos:149514;2019-10-29 21:05:10.431033611;679;440;324
id:000211,src:000000,op:flip1,pos:149514.png;2019-11-06 11:45:18.274855614;679;22;324
id:000212,src:000000,op:flip1,pos:149532;2019-10-29 21:05:13.751002312;679;441;324
id:000212,src:000000,op:flip1,pos:149532.png;2019-11-06 11:45:18.302855253;679;22;324
id:000213,src:000000,op:flip1,pos:149533;2019-10-29 21:05:14.254997492;679;439;324
id:000213,src:000000,op:flip1,pos:149533.png;2019-11-06 11:45:18.326855183;679;22;324
id:000214,src:000000,op:flip1,pos:149551;2019-10-29 21:05:17.922962666;679;440;324
id:000214,src:000000,op:flip1,pos:149551.png;2019-11-06 11:45:18.390854597;679;22;324
id:000215,src:000000,op:flip1,pos:149626;2019-10-29 21:05:31.686832428;679;440;324
id:000215,src:000000,op:flip1,pos:149626.png;2019-11-06 11:45:18.414854288;679;22;324
id:000216,src:000000,op:flip1,pos:149645;2019-10-29 21:05:35.342797756;679;437;324
id:000216,src:000000,op:flip1,pos:149645.png;2019-11-06 11:45:18.442853928;679;22;324
id:000217,src:000000,op:flip1,pos:149654;2019-10-29 21:05:37.086781263;679;436;324
id:000217,src:000000,op:flip1,pos:149654.png;2019-11-06 11:45:18.466853619;679;22;324
id:000218,src:000000,op:flip1,pos:149710;2019-10-29 21:05:47.590681791;679;443;324
id:000218,src:000000,op:flip1,pos:149710.png;2019-11-06 11:45:18.506853342;679;22;324
id:000219,src:000000,op:flip1,pos:149739;2019-10-29 21:05:53.194628716;679;440;324
id:000219,src:000000,op:flip1,pos:149739.png;2019-11-06 11:45:18.534852982;679;22;324
id:000220,src:000000,op:flip1,pos:149852;2019-10-29 21:06:13.902432680;679;438;324
id:000220,src:000000,op:flip1,pos:149852.png;2019-11-06 11:45:18.566852808;679;22;324
id:000221,src:000000,op:flip1,pos:149936;2019-10-29 21:06:29.354286432;679;428;324
id:000221,src:000000,op:flip1,pos:149936.png;2019-11-06 11:45:18.590852499;679;22;324
id:000222,src:000000,op:flip1,pos:149993;2019-10-29 21:06:39.926186323;679;428;324
id:000222,src:000000,op:flip1,pos:149993.png;2019-11-06 11:45:18.618852139;679;22;324
id:000223,src:000000,op:flip1,pos:150020;2019-10-29 21:06:44.986138344;679;261;324
id:000224,src:000000,op:flip1,pos:150181;2019-10-29 21:07:14.173861980;679;433;324
id:000224,src:000000,op:flip1,pos:150181.png;2019-11-06 11:45:18.666851759;679;22;324
id:000225,src:000000,op:flip1,pos:150191;2019-10-29 21:07:16.261842251;679;430;324
id:000225,src:000000,op:flip1,pos:150191.png;2019-11-06 11:45:18.690851450;679;22;324
id:000226,src:000000,op:flip1,pos:150209;2019-10-29 21:07:19.609810591;679;430;324
id:000226,src:000000,op:flip1,pos:150209.png;2019-11-06 11:45:18.714851379;679;22;324
id:000227,src:000000,op:flip1,pos:150219;2019-10-29 21:07:21.665791035;679;427;324
id:000227,src:000000,op:flip1,pos:150219.png;2019-11-06 11:45:18.742851019;679;22;324
id:000228,src:000000,op:flip1,pos:150530,+cov;2019-10-29 21:08:18.125256538;681;213;326
id:000229,src:000000,op:flip1,pos:150670;2019-10-29 21:08:43.569015503;681;381;326
id:000229,src:000000,op:flip1,pos:150670.png;2019-11-06 11:45:18.790850639;681;22;326
id:000230,src:000000,op:flip1,pos:150671;2019-10-29 21:08:44.021011353;681;390;326
id:000230,src:000000,op:flip1,pos:150671.png;2019-11-06 11:45:18.814850330;681;22;326
id:000231,src:000000,op:flip2,pos:10,+cov;2019-10-29 21:08:45.740994930;682;60;327
id:000232,src:000000,op:flip2,pos:10,+cov;2019-10-29 21:08:45.744995117;690;77;335
id:000233,src:000000,op:flip2,pos:11,+cov;2019-10-29 21:08:46.040992260;693;367;338
id:000233,src:000000,op:flip2,pos:11,+cov.png;2019-11-06 11:45:18.846849918;693;22;338
id:000234,src:000000,op:flip2,pos:11,+cov;2019-10-29 21:08:46.264990090;697;375;342
id:000234,src:000000,op:flip2,pos:11,+cov.png;2019-11-06 11:45:18.870849848;697;22;342
id:000235,src:000000,op:flip2,pos:62,+cov;2019-10-29 21:08:55.364903927;705;393;350
id:000235,src:000000,op:flip2,pos:62,+cov.png;2019-11-06 11:45:18.898849487;705;22;350
id:000236,src:000000,op:flip2,pos:68;2019-10-29 21:08:56.076897144;705;80;350
id:000237,src:000000,op:flip2,pos:71,+cov;2019-10-29 21:08:56.620892048;707;378;352
id:000237,src:000000,op:flip2,pos:71,+cov.png;2019-11-06 11:45:18.926849127;707;22;352
id:000238,src:000000,op:flip2,pos:74,+cov;2019-10-29 21:08:57.292885780;709;208;354
id:000239,src:000000,op:flip2,pos:74;2019-10-29 21:08:57.476883888;709;195;354
id:000240,src:000000,op:flip2,pos:79;2019-10-29 21:08:58.100878;709;137;354
id:000241,src:000000,op:flip2,pos:79,+cov;2019-10-29 21:08:58.104877949;710;224;355
id:000242,src:000000,op:flip2,pos:79;2019-10-29 21:08:58.108877897;710;137;355
id:000243,src:000000,op:flip2,pos:102080;2019-10-30 02:07:23.151614904;710;239;355
id:000244,src:000000,op:flip2,pos:137525;2019-10-30 04:16:48.614314318;710;212;355
id:000245,src:000000,op:flip2,pos:147470;2019-10-30 04:46:24.669417143;710;278;355
id:000246,src:000000,op:flip2,pos:148490;2019-10-30 04:49:27.867656469;710;273;355
id:000247,src:000000,op:flip2,pos:150001;2019-10-30 04:53:59.637055397;710;424;355
id:000247,src:000000,op:flip2,pos:150001.png;2019-11-06 11:45:19.130847215;710;22;355
id:000248,src:000000,op:flip4,pos:10,+cov;2019-10-30 04:56:02.395883322;711;62;356
id:000249,src:000000,op:flip4,pos:11,+cov;2019-10-30 04:56:02.691880465;716;363;361
id:000249,src:000000,op:flip4,pos:11,+cov.png;2019-11-06 11:45:19.158846855;716;22;361
id:000250,src:000000,op:flip4,pos:62,+cov;2019-10-30 04:56:11.591795444;765;133;410
id:000251,src:000000,op:flip4,pos:74;2019-10-30 04:56:13.283779383;765;208;410
id:000252,src:000000,op:flip4,pos:75;2019-10-30 04:56:13.643775940;765;370;410
id:000252,src:000000,op:flip4,pos:75.png;2019-11-06 11:45:19.210846424;765;22;410
id:000253,src:000000,op:flip4,pos:79;2019-10-30 04:56:14.031772137;765;137;410
id:000254,src:000000,op:flip4,pos:79,+cov;2019-10-30 04:56:14.035772324;766;199;411
id:000255,src:000000,op:flip4,pos:10790,+cov;2019-10-30 05:23:48.896040678;768;320;413
id:000256,src:000000,op:flip4,pos:118145;2019-10-30 10:36:42.931347609;768;267;413
id:000257,src:000000,op:flip4,pos:147979;2019-10-30 12:27:04.550216675;768;281;413
id:000258,src:000000,op:flip8,pos:16,+cov;2019-10-30 12:35:07.961745024;769;378;414
id:000258,src:000000,op:flip8,pos:16,+cov.png;2019-11-06 11:45:19.290845633;769;22;414
id:000259,src:000000,op:flip8,pos:37;2019-10-30 12:35:08.621738911;769;372;414
id:000259,src:000000,op:flip8,pos:37.png;2019-11-06 11:45:19.318845272;769;22;414
id:000260,src:000000,op:flip8,pos:78,+cov;2019-10-30 12:35:09.425731421;779;124;424
